"Region","ReportLevel","Report"
"North Carlow","CHN","<a href=""https://cdn.jsdelivr.net/gh/CSOIreland/edprofiles@resources/2022/health/pdf/chn/CHN1-north-carlow-hse-dublin-and-south-east-WIP07-04-2025.pdf"" target=""_blank"" title=""North Carlow summary report"">PDF</a>  "
"Central Kilkenny and South Carlow","CHN","<a href=""https://cdn.jsdelivr.net/gh/CSOIreland/edprofiles@resources/2022/health/pdf/chn/CHN2-central-kilkenny-and-south-carlow-hse-dublin-and-south-east-WIP07-04-2025.pdf"" target=""_blank"" title=""Central Kilkenny and South Carlow summary report"">PDF</a>  "
"Cavan","CHN","<a href=""https://cdn.jsdelivr.net/gh/CSOIreland/edprofiles@resources/2022/health/pdf/chn/CHN3-cavan-hse-dublin-and-north-east-WIP07-04-2025.pdf"" target=""_blank"" title=""Cavan summary report"">PDF</a>  "
"Leitrim and West Cavan","CHN","<a href=""https://cdn.jsdelivr.net/gh/CSOIreland/edprofiles@resources/2022/health/pdf/chn/CHN4-leitrim-and-west-cavan-hse-west-and-north-west-WIP07-04-2025.pdf"" target=""_blank"" title=""Leitrim and West Cavan summary report"">PDF</a>  "
"North Meath and Ardee","CHN","<a href=""https://cdn.jsdelivr.net/gh/CSOIreland/edprofiles@resources/2022/health/pdf/chn/CHN5-north-meath-and-ardee-hse-dublin-and-north-east-WIP07-04-2025.pdf"" target=""_blank"" title=""North Meath and Ardee summary report"">PDF</a>  "
"West Clare","CHN","<a href=""https://cdn.jsdelivr.net/gh/CSOIreland/edprofiles@resources/2022/health/pdf/chn/CHN6-west-clare-hse-midwest-WIP07-04-2025.pdf"" target=""_blank"" title=""West Clare summary report"">PDF</a>  "
"East Clare","CHN","<a href=""https://cdn.jsdelivr.net/gh/CSOIreland/edprofiles@resources/2022/health/pdf/chn/CHN7-east-clare-hse-midwest-WIP07-04-2025.pdf"" target=""_blank"" title=""East Clare summary report"">PDF</a>  "
"North Limerick City","CHN","<a href=""https://cdn.jsdelivr.net/gh/CSOIreland/edprofiles@resources/2022/health/pdf/chn/CHN8-north-limerick-city-hse-midwest-WIP07-04-2025.pdf"" target=""_blank"" title=""North Limerick City summary report"">PDF</a>  "
"East Limerick and Ballina","CHN","<a href=""https://cdn.jsdelivr.net/gh/CSOIreland/edprofiles@resources/2022/health/pdf/chn/CHN9-east-limerick-and-ballina-hse-midwest-WIP07-04-2025.pdf"" target=""_blank"" title=""East Limerick and Ballina summary report"">PDF</a>  "
"West Cork","CHN","<a href=""https://cdn.jsdelivr.net/gh/CSOIreland/edprofiles@resources/2022/health/pdf/chn/CHN10-west-cork-hse-south-west-WIP07-04-2025.pdf"" target=""_blank"" title=""West Cork summary report"">PDF</a>  "
"Northeast Cork","CHN","<a href=""https://cdn.jsdelivr.net/gh/CSOIreland/edprofiles@resources/2022/health/pdf/chn/CHN11-northeast-cork-hse-south-west-WIP07-04-2025.pdf"" target=""_blank"" title=""Northeast Cork summary report"">PDF</a>  "
"Ballincollig, Bishopstown, Macroom","CHN","<a href=""https://cdn.jsdelivr.net/gh/CSOIreland/edprofiles@resources/2022/health/pdf/chn/CHN12-ballincollig-bishopstown-macroom-hse-south-west-WIP07-04-2025.pdf"" target=""_blank"" title=""Ballincollig, Bishopstown, Macroom summary report"">PDF</a>  "
"Mallow, Charleville, Newmarket, Kanturk, Millstreet","CHN","<a href=""https://cdn.jsdelivr.net/gh/CSOIreland/edprofiles@resources/2022/health/pdf/chn/CHN13-mallow-charleville-newmarket-kanturk-millstreet-hse-south-west-WIP07-04-2025.pdf"" target=""_blank"" title=""Mallow, Charleville, Newmarket, Kanturk, Millstreet summary report"">PDF</a>  "
"East Central Cork","CHN","<a href=""https://cdn.jsdelivr.net/gh/CSOIreland/edprofiles@resources/2022/health/pdf/chn/CHN14-east-central-cork-hse-south-west-WIP07-04-2025.pdf"" target=""_blank"" title=""East Central Cork summary report"">PDF</a>  "
"Bandon, Kinsale and Carrigaline","CHN","<a href=""https://cdn.jsdelivr.net/gh/CSOIreland/edprofiles@resources/2022/health/pdf/chn/CHN15-bandon-kinsale-and-carrigaline-hse-south-west-WIP07-04-2025.pdf"" target=""_blank"" title=""Bandon, Kinsale and Carrigaline summary report"">PDF</a>  "
"Central Cork","CHN","<a href=""https://cdn.jsdelivr.net/gh/CSOIreland/edprofiles@resources/2022/health/pdf/chn/CHN16-central-cork-hse-south-west-WIP07-04-2025.pdf"" target=""_blank"" title=""Central Cork summary report"">PDF</a>  "
"Blarney and North Cork City","CHN","<a href=""https://cdn.jsdelivr.net/gh/CSOIreland/edprofiles@resources/2022/health/pdf/chn/CHN17-blarney-and-north-cork-city-hse-south-west-WIP07-04-2025.pdf"" target=""_blank"" title=""Blarney and North Cork City summary report"">PDF</a>  "
"East Cork City","CHN","<a href=""https://cdn.jsdelivr.net/gh/CSOIreland/edprofiles@resources/2022/health/pdf/chn/CHN18-east-cork-city-hse-south-west-WIP07-04-2025.pdf"" target=""_blank"" title=""East Cork City summary report"">PDF</a>  "
"Douglas, Blackrock, Mahon","CHN","<a href=""https://cdn.jsdelivr.net/gh/CSOIreland/edprofiles@resources/2022/health/pdf/chn/CHN19-douglas-blackrock-mahon-hse-south-west-WIP07-04-2025.pdf"" target=""_blank"" title=""Douglas, Blackrock, Mahon summary report"">PDF</a>  "
"South Cork City","CHN","<a href=""https://cdn.jsdelivr.net/gh/CSOIreland/edprofiles@resources/2022/health/pdf/chn/CHN20-south-cork-city-hse-south-west-WIP07-04-2025.pdf"" target=""_blank"" title=""South Cork City summary report"">PDF</a>  "
"Donegal East","CHN","<a href=""https://cdn.jsdelivr.net/gh/CSOIreland/edprofiles@resources/2022/health/pdf/chn/CHN21-donegal-east-hse-west-and-north-west-WIP07-04-2025.pdf"" target=""_blank"" title=""Donegal East summary report"">PDF</a>  "
"Donegal South and West","CHN","<a href=""https://cdn.jsdelivr.net/gh/CSOIreland/edprofiles@resources/2022/health/pdf/chn/CHN22-donegal-south-and-west-hse-west-and-north-west-WIP07-04-2025.pdf"" target=""_blank"" title=""Donegal South and West summary report"">PDF</a>  "
"Inishowen","CHN","<a href=""https://cdn.jsdelivr.net/gh/CSOIreland/edprofiles@resources/2022/health/pdf/chn/CHN23-inishowen-hse-west-and-north-west-WIP07-04-2025.pdf"" target=""_blank"" title=""Inishowen summary report"">PDF</a>  "
"Donegal North","CHN","<a href=""https://cdn.jsdelivr.net/gh/CSOIreland/edprofiles@resources/2022/health/pdf/chn/CHN24-donegal-north-hse-west-and-north-west-WIP07-04-2025.pdf"" target=""_blank"" title=""Donegal North summary report"">PDF</a>  "
"Sligo South Donegal","CHN","<a href=""https://cdn.jsdelivr.net/gh/CSOIreland/edprofiles@resources/2022/health/pdf/chn/CHN25-sligo-south-donegal-hse-west-and-north-west-WIP07-04-2025.pdf"" target=""_blank"" title=""Sligo South Donegal summary report"">PDF</a>  "
"Tuam, Athenry, and Loughrea","CHN","<a href=""https://cdn.jsdelivr.net/gh/CSOIreland/edprofiles@resources/2022/health/pdf/chn/CHN26-tuam-athenry-and-loughrea-hse-west-and-north-west-WIP07-04-2025.pdf"" target=""_blank"" title=""Tuam, Athenry, and Loughrea summary report"">PDF</a>  "
"East Galway and South Roscommon","CHN","<a href=""https://cdn.jsdelivr.net/gh/CSOIreland/edprofiles@resources/2022/health/pdf/chn/CHN27-east-galway-and-south-roscommon-hse-west-and-north-west-WIP07-04-2025.pdf"" target=""_blank"" title=""East Galway and South Roscommon summary report"">PDF</a>  "
"Central Galway and East Galway City","CHN","<a href=""https://cdn.jsdelivr.net/gh/CSOIreland/edprofiles@resources/2022/health/pdf/chn/CHN28-central-galway-and-east-galway-city-hse-west-and-north-west-WIP07-04-2025.pdf"" target=""_blank"" title=""Central Galway and East Galway City summary report"">PDF</a>  "
"North Roscommon and North East Galway","CHN","<a href=""https://cdn.jsdelivr.net/gh/CSOIreland/edprofiles@resources/2022/health/pdf/chn/CHN29-north-roscommon-and-north-east-galway-hse-west-and-north-west-WIP07-04-2025.pdf"" target=""_blank"" title=""North Roscommon and North East Galway summary report"">PDF</a>  "
"West Galway","CHN","<a href=""https://cdn.jsdelivr.net/gh/CSOIreland/edprofiles@resources/2022/health/pdf/chn/CHN30-west-galway-hse-west-and-north-west-WIP07-04-2025.pdf"" target=""_blank"" title=""West Galway summary report"">PDF</a>  "
"West Galway City","CHN","<a href=""https://cdn.jsdelivr.net/gh/CSOIreland/edprofiles@resources/2022/health/pdf/chn/CHN31-west-galway-city-hse-west-and-north-west-WIP07-04-2025.pdf"" target=""_blank"" title=""West Galway City summary report"">PDF</a>  "
"North Kerry","CHN","<a href=""https://cdn.jsdelivr.net/gh/CSOIreland/edprofiles@resources/2022/health/pdf/chn/CHN32-north-kerry-hse-south-west-WIP07-04-2025.pdf"" target=""_blank"" title=""North Kerry summary report"">PDF</a>  "
"South Kerry","CHN","<a href=""https://cdn.jsdelivr.net/gh/CSOIreland/edprofiles@resources/2022/health/pdf/chn/CHN33-south-kerry-hse-south-west-WIP07-04-2025.pdf"" target=""_blank"" title=""South Kerry summary report"">PDF</a>  "
"West Kerry","CHN","<a href=""https://cdn.jsdelivr.net/gh/CSOIreland/edprofiles@resources/2022/health/pdf/chn/CHN34-west-kerry-hse-south-west-WIP07-04-2025.pdf"" target=""_blank"" title=""West Kerry summary report"">PDF</a>  "
"South Kildare and West Wicklow","CHN","<a href=""https://cdn.jsdelivr.net/gh/CSOIreland/edprofiles@resources/2022/health/pdf/chn/CHN35-south-kildare-and-west-wicklow-hse-dublin-and-midlands-WIP07-04-2025.pdf"" target=""_blank"" title=""South Kildare and West Wicklow summary report"">PDF</a>  "
"West and Central Kildare","CHN","<a href=""https://cdn.jsdelivr.net/gh/CSOIreland/edprofiles@resources/2022/health/pdf/chn/CHN36-west-and-central-kildare-hse-dublin-and-midlands-WIP07-04-2025.pdf"" target=""_blank"" title=""West and Central Kildare summary report"">PDF</a>  "
"East Kildare and Blessington","CHN","<a href=""https://cdn.jsdelivr.net/gh/CSOIreland/edprofiles@resources/2022/health/pdf/chn/CHN37-east-kildare-and-blessington-hse-dublin-and-midlands-WIP07-04-2025.pdf"" target=""_blank"" title=""East Kildare and Blessington summary report"">PDF</a>  "
"Northwest Kildare","CHN","<a href=""https://cdn.jsdelivr.net/gh/CSOIreland/edprofiles@resources/2022/health/pdf/chn/CHN38-northwest-kildare-hse-dublin-and-midlands-WIP07-04-2025.pdf"" target=""_blank"" title=""Northwest Kildare summary report"">PDF</a>  "
"Northeast Kildare","CHN","<a href=""https://cdn.jsdelivr.net/gh/CSOIreland/edprofiles@resources/2022/health/pdf/chn/CHN39-northeast-kildare-hse-dublin-and-midlands-WIP07-04-2025.pdf"" target=""_blank"" title=""Northeast Kildare summary report"">PDF</a>  "
"Waterford City","CHN","<a href=""https://cdn.jsdelivr.net/gh/CSOIreland/edprofiles@resources/2022/health/pdf/chn/CHN40-waterford-city-hse-dublin-and-south-east-WIP07-04-2025.pdf"" target=""_blank"" title=""Waterford City summary report"">PDF</a>  "
"North Kilkenny and City","CHN","<a href=""https://cdn.jsdelivr.net/gh/CSOIreland/edprofiles@resources/2022/health/pdf/chn/CHN41-north-kilkenny-and-city-hse-dublin-and-south-east-WIP07-04-2025.pdf"" target=""_blank"" title=""North Kilkenny and City summary report"">PDF</a>  "
"South Tipperary and North Waterford","CHN","<a href=""https://cdn.jsdelivr.net/gh/CSOIreland/edprofiles@resources/2022/health/pdf/chn/CHN42-south-tipperary-and-north-waterford-hse-dublin-and-south-east-WIP07-04-2025.pdf"" target=""_blank"" title=""South Tipperary and North Waterford summary report"">PDF</a>  "
"Southwest Wexford","CHN","<a href=""https://cdn.jsdelivr.net/gh/CSOIreland/edprofiles@resources/2022/health/pdf/chn/CHN43-southwest-wexford-hse-dublin-and-south-east-WIP07-04-2025.pdf"" target=""_blank"" title=""Southwest Wexford summary report"">PDF</a>  "
"South Laois","CHN","<a href=""https://cdn.jsdelivr.net/gh/CSOIreland/edprofiles@resources/2022/health/pdf/chn/CHN44-south-laois-hse-dublin-and-midlands-WIP07-04-2025.pdf"" target=""_blank"" title=""South Laois summary report"">PDF</a>  "
"East Offaly and North Laois","CHN","<a href=""https://cdn.jsdelivr.net/gh/CSOIreland/edprofiles@resources/2022/health/pdf/chn/CHN45-east-offaly-and-north-laois-hse-dublin-and-midlands-WIP07-04-2025.pdf"" target=""_blank"" title=""East Offaly and North Laois summary report"">PDF</a>  "
"West Limerick","CHN","<a href=""https://cdn.jsdelivr.net/gh/CSOIreland/edprofiles@resources/2022/health/pdf/chn/CHN46-west-limerick-hse-midwest-WIP07-04-2025.pdf"" target=""_blank"" title=""West Limerick summary report"">PDF</a>  "
"South Limerick","CHN","<a href=""https://cdn.jsdelivr.net/gh/CSOIreland/edprofiles@resources/2022/health/pdf/chn/CHN47-south-limerick-hse-midwest-WIP07-04-2025.pdf"" target=""_blank"" title=""South Limerick summary report"">PDF</a>  "
"South Limerick City","CHN","<a href=""https://cdn.jsdelivr.net/gh/CSOIreland/edprofiles@resources/2022/health/pdf/chn/CHN48-south-limerick-city-hse-midwest-WIP07-04-2025.pdf"" target=""_blank"" title=""South Limerick City summary report"">PDF</a>  "
"Longford and Central Westmeath","CHN","<a href=""https://cdn.jsdelivr.net/gh/CSOIreland/edprofiles@resources/2022/health/pdf/chn/CHN49-longford-and-central-westmeath-hse-dublin-and-midlands-WIP07-04-2025.pdf"" target=""_blank"" title=""Longford and Central Westmeath summary report"">PDF</a>  "
"East Westmeath","CHN","<a href=""https://cdn.jsdelivr.net/gh/CSOIreland/edprofiles@resources/2022/health/pdf/chn/CHN50-east-westmeath-hse-dublin-and-midlands-WIP07-04-2025.pdf"" target=""_blank"" title=""East Westmeath summary report"">PDF</a>  "
"North Louth","CHN","<a href=""https://cdn.jsdelivr.net/gh/CSOIreland/edprofiles@resources/2022/health/pdf/chn/CHN51-north-louth-hse-dublin-and-north-east-WIP07-04-2025.pdf"" target=""_blank"" title=""North Louth summary report"">PDF</a>  "
"South Louth and Bettystown","CHN","<a href=""https://cdn.jsdelivr.net/gh/CSOIreland/edprofiles@resources/2022/health/pdf/chn/CHN52-south-louth-and-bettystown-hse-dublin-and-north-east-WIP07-04-2025.pdf"" target=""_blank"" title=""South Louth and Bettystown summary report"">PDF</a>  "
"Monaghan","CHN","<a href=""https://cdn.jsdelivr.net/gh/CSOIreland/edprofiles@resources/2022/health/pdf/chn/CHN53-monaghan-hse-dublin-and-north-east-WIP07-04-2025.pdf"" target=""_blank"" title=""Monaghan summary report"">PDF</a>  "
"West Mayo","CHN","<a href=""https://cdn.jsdelivr.net/gh/CSOIreland/edprofiles@resources/2022/health/pdf/chn/CHN54-west-mayo-hse-west-and-north-west-WIP07-04-2025.pdf"" target=""_blank"" title=""West Mayo summary report"">PDF</a>  "
"North Mayo","CHN","<a href=""https://cdn.jsdelivr.net/gh/CSOIreland/edprofiles@resources/2022/health/pdf/chn/CHN55-north-mayo-hse-west-and-north-west-WIP07-04-2025.pdf"" target=""_blank"" title=""North Mayo summary report"">PDF</a>  "
"East Mayo","CHN","<a href=""https://cdn.jsdelivr.net/gh/CSOIreland/edprofiles@resources/2022/health/pdf/chn/CHN56-east-mayo-hse-west-and-north-west-WIP07-04-2025.pdf"" target=""_blank"" title=""East Mayo summary report"">PDF</a>  "
"Central Meath","CHN","<a href=""https://cdn.jsdelivr.net/gh/CSOIreland/edprofiles@resources/2022/health/pdf/chn/CHN57-central-meath-hse-dublin-and-north-east-WIP07-04-2025.pdf"" target=""_blank"" title=""Central Meath summary report"">PDF</a>  "
"East Meath","CHN","<a href=""https://cdn.jsdelivr.net/gh/CSOIreland/edprofiles@resources/2022/health/pdf/chn/CHN58-east-meath-hse-dublin-and-north-east-WIP07-04-2025.pdf"" target=""_blank"" title=""East Meath summary report"">PDF</a>  "
"Southwest Meath","CHN","<a href=""https://cdn.jsdelivr.net/gh/CSOIreland/edprofiles@resources/2022/health/pdf/chn/CHN59-southwest-meath-hse-dublin-and-north-east-WIP07-04-2025.pdf"" target=""_blank"" title=""Southwest Meath summary report"">PDF</a>  "
"Offaly","CHN","<a href=""https://cdn.jsdelivr.net/gh/CSOIreland/edprofiles@resources/2022/health/pdf/chn/CHN60-offaly-hse-dublin-and-midlands-WIP07-04-2025.pdf"" target=""_blank"" title=""Offaly summary report"">PDF</a>  "
"West Westmeath and Northwest Offaly","CHN","<a href=""https://cdn.jsdelivr.net/gh/CSOIreland/edprofiles@resources/2022/health/pdf/chn/CHN61-west-westmeath-and-northwest-offaly-hse-dublin-and-midlands-WIP07-04-2025.pdf"" target=""_blank"" title=""West Westmeath and Northwest Offaly summary report"">PDF</a>  "
"North Tipperary","CHN","<a href=""https://cdn.jsdelivr.net/gh/CSOIreland/edprofiles@resources/2022/health/pdf/chn/CHN62-north-tipperary-hse-midwest-WIP07-04-2025.pdf"" target=""_blank"" title=""North Tipperary summary report"">PDF</a>  "
"Central Tipperary","CHN","<a href=""https://cdn.jsdelivr.net/gh/CSOIreland/edprofiles@resources/2022/health/pdf/chn/CHN63-central-tipperary-hse-dublin-and-south-east-WIP07-04-2025.pdf"" target=""_blank"" title=""Central Tipperary summary report"">PDF</a>  "
"West Waterford and Tramore","CHN","<a href=""https://cdn.jsdelivr.net/gh/CSOIreland/edprofiles@resources/2022/health/pdf/chn/CHN64-west-waterford-and-tramore-hse-dublin-and-south-east-WIP07-04-2025.pdf"" target=""_blank"" title=""West Waterford and Tramore summary report"">PDF</a>  "
"North Wexford","CHN","<a href=""https://cdn.jsdelivr.net/gh/CSOIreland/edprofiles@resources/2022/health/pdf/chn/CHN65-north-wexford-hse-dublin-and-south-east-WIP07-04-2025.pdf"" target=""_blank"" title=""North Wexford summary report"">PDF</a>  "
"Southeast Wexford","CHN","<a href=""https://cdn.jsdelivr.net/gh/CSOIreland/edprofiles@resources/2022/health/pdf/chn/CHN66-southeast-wexford-hse-dublin-and-south-east-WIP07-04-2025.pdf"" target=""_blank"" title=""Southeast Wexford summary report"">PDF</a>  "
"Central Wexford","CHN","<a href=""https://cdn.jsdelivr.net/gh/CSOIreland/edprofiles@resources/2022/health/pdf/chn/CHN67-central-wexford-hse-dublin-and-south-east-WIP07-04-2025.pdf"" target=""_blank"" title=""Central Wexford summary report"">PDF</a>  "
"Southeast Wicklow","CHN","<a href=""https://cdn.jsdelivr.net/gh/CSOIreland/edprofiles@resources/2022/health/pdf/chn/CHN68-southeast-wicklow-hse-dublin-and-south-east-WIP07-04-2025.pdf"" target=""_blank"" title=""Southeast Wicklow summary report"">PDF</a>  "
"Northeast Wicklow","CHN","<a href=""https://cdn.jsdelivr.net/gh/CSOIreland/edprofiles@resources/2022/health/pdf/chn/CHN69-northeast-wicklow-hse-dublin-and-south-east-WIP07-04-2025.pdf"" target=""_blank"" title=""Northeast Wicklow summary report"">PDF</a>  "
"Ballymun Area Network","CHN","<a href=""https://cdn.jsdelivr.net/gh/CSOIreland/edprofiles@resources/2022/health/pdf/chn/CHN70-ballymun-area-network-hse-dublin-and-north-east-WIP07-04-2025.pdf"" target=""_blank"" title=""Ballymun Area Network summary report"">PDF</a>  "
"Balbriggan Area Network","CHN","<a href=""https://cdn.jsdelivr.net/gh/CSOIreland/edprofiles@resources/2022/health/pdf/chn/CHN71-balbriggan-area-network-hse-dublin-and-north-east-WIP07-04-2025.pdf"" target=""_blank"" title=""Balbriggan Area Network summary report"">PDF</a>  "
"Coastal Area Network","CHN","<a href=""https://cdn.jsdelivr.net/gh/CSOIreland/edprofiles@resources/2022/health/pdf/chn/CHN72-coastal-area-network-hse-dublin-and-north-east-WIP07-04-2025.pdf"" target=""_blank"" title=""Coastal Area Network summary report"">PDF</a>  "
"Coolock Area Network","CHN","<a href=""https://cdn.jsdelivr.net/gh/CSOIreland/edprofiles@resources/2022/health/pdf/chn/CHN73-coolock-area-network-hse-dublin-and-north-east-WIP07-04-2025.pdf"" target=""_blank"" title=""Coolock Area Network summary report"">PDF</a>  "
"Newcastle, Citywest, and Saggart","CHN","<a href=""https://cdn.jsdelivr.net/gh/CSOIreland/edprofiles@resources/2022/health/pdf/chn/CHN74-newcastle-citywest-and-saggart-hse-dublin-and-midlands-WIP07-04-2025.pdf"" target=""_blank"" title=""Newcastle, Citywest, and Saggart summary report"">PDF</a>  "
"Ballinteer, Stepaside and Kiltiernan","CHN","<a href=""https://cdn.jsdelivr.net/gh/CSOIreland/edprofiles@resources/2022/health/pdf/chn/CHN75-ballinteer-stepaside-and-kiltiernan-hse-dublin-and-south-east-WIP07-04-2025.pdf"" target=""_blank"" title=""Ballinteer, Stepaside and Kiltiernan summary report"">PDF</a>  "
"Milltown, Churchtown and Dundrum","CHN","<a href=""https://cdn.jsdelivr.net/gh/CSOIreland/edprofiles@resources/2022/health/pdf/chn/CHN76-milltown-churchtown-and-dundrum-hse-dublin-and-south-east-WIP07-04-2025.pdf"" target=""_blank"" title=""Milltown, Churchtown and Dundrum summary report"">PDF</a>  "
"Rathfarnham, Knocklyon and Ballyboden","CHN","<a href=""https://cdn.jsdelivr.net/gh/CSOIreland/edprofiles@resources/2022/health/pdf/chn/CHN77-rathfarnham-knocklyon-and-ballyboden-hse-dublin-and-midlands-WIP07-04-2025.pdf"" target=""_blank"" title=""Rathfarnham, Knocklyon and Ballyboden summary report"">PDF</a>  "
"Swords Area Network","CHN","<a href=""https://cdn.jsdelivr.net/gh/CSOIreland/edprofiles@resources/2022/health/pdf/chn/CHN78-swords-area-network-hse-dublin-and-north-east-WIP07-04-2025.pdf"" target=""_blank"" title=""Swords Area Network summary report"">PDF</a>  "
"Dun Laoghaire, Dalkey and Loughlinstown","CHN","<a href=""https://cdn.jsdelivr.net/gh/CSOIreland/edprofiles@resources/2022/health/pdf/chn/CHN79-dun-laoghaire-dalkey-and-loughlinstown-hse-dublin-and-south-east-WIP07-04-2025.pdf"" target=""_blank"" title=""Dun Laoghaire, Dalkey and Loughlinstown summary report"">PDF</a>  "
"Stillorgan, Booterstown and Monkstown","CHN","<a href=""https://cdn.jsdelivr.net/gh/CSOIreland/edprofiles@resources/2022/health/pdf/chn/CHN80-stillorgan-booterstown-and-monkstown-hse-dublin-and-south-east-WIP07-04-2025.pdf"" target=""_blank"" title=""Stillorgan, Booterstown and Monkstown summary report"">PDF</a>  "
"Blanchardstown Area Network","CHN","<a href=""https://cdn.jsdelivr.net/gh/CSOIreland/edprofiles@resources/2022/health/pdf/chn/CHN81-blanchardstown-area-network-hse-dublin-and-north-east-WIP07-04-2025.pdf"" target=""_blank"" title=""Blanchardstown Area Network summary report"">PDF</a>  "
"Finglas Area Network","CHN","<a href=""https://cdn.jsdelivr.net/gh/CSOIreland/edprofiles@resources/2022/health/pdf/chn/CHN82-finglas-area-network-hse-dublin-and-north-east-WIP07-04-2025.pdf"" target=""_blank"" title=""Finglas Area Network summary report"">PDF</a>  "
"Blakestown Area Network","CHN","<a href=""https://cdn.jsdelivr.net/gh/CSOIreland/edprofiles@resources/2022/health/pdf/chn/CHN83-blakestown-area-network-hse-dublin-and-north-east-WIP07-04-2025.pdf"" target=""_blank"" title=""Blakestown Area Network summary report"">PDF</a>  "
"Tallaght and Firhouse","CHN","<a href=""https://cdn.jsdelivr.net/gh/CSOIreland/edprofiles@resources/2022/health/pdf/chn/CHN84-tallaght-and-firhouse-hse-dublin-and-midlands-WIP07-04-2025.pdf"" target=""_blank"" title=""Tallaght and Firhouse summary report"">PDF</a>  "
"Foxrock, Carrickmines and Shankill","CHN","<a href=""https://cdn.jsdelivr.net/gh/CSOIreland/edprofiles@resources/2022/health/pdf/chn/CHN85-foxrock-carrickmines-and-shankill-hse-dublin-and-south-east-WIP07-04-2025.pdf"" target=""_blank"" title=""Foxrock, Carrickmines and Shankill summary report"">PDF</a>  "
"Clondalkin","CHN","<a href=""https://cdn.jsdelivr.net/gh/CSOIreland/edprofiles@resources/2022/health/pdf/chn/CHN86-clondalkin-hse-dublin-and-midlands-WIP07-04-2025.pdf"" target=""_blank"" title=""Clondalkin summary report"">PDF</a>  "
"Lucan","CHN","<a href=""https://cdn.jsdelivr.net/gh/CSOIreland/edprofiles@resources/2022/health/pdf/chn/CHN87-lucan-hse-dublin-and-midlands-WIP07-04-2025.pdf"" target=""_blank"" title=""Lucan summary report"">PDF</a>  "
"Ballyfermot and Palmerstown","CHN","<a href=""https://cdn.jsdelivr.net/gh/CSOIreland/edprofiles@resources/2022/health/pdf/chn/CHN88-ballyfermot-and-palmerstown-hse-dublin-and-midlands-WIP07-04-2025.pdf"" target=""_blank"" title=""Ballyfermot and Palmerstown summary report"">PDF</a>  "
"Rathmines, Terenure and Templeogue","CHN","<a href=""https://cdn.jsdelivr.net/gh/CSOIreland/edprofiles@resources/2022/health/pdf/chn/CHN89-rathmines-terenure-and-templeogue-hse-dublin-and-midlands-WIP07-04-2025.pdf"" target=""_blank"" title=""Rathmines, Terenure and Templeogue summary report"">PDF</a>  "
"Cabra Area Network","CHN","<a href=""https://cdn.jsdelivr.net/gh/CSOIreland/edprofiles@resources/2022/health/pdf/chn/CHN90-cabra-area-network-hse-dublin-and-north-east-WIP07-04-2025.pdf"" target=""_blank"" title=""Cabra Area Network summary report"">PDF</a>  "
"Kilbarrack Area Network","CHN","<a href=""https://cdn.jsdelivr.net/gh/CSOIreland/edprofiles@resources/2022/health/pdf/chn/CHN91-kilbarrack-area-network-hse-dublin-and-north-east-WIP07-04-2025.pdf"" target=""_blank"" title=""Kilbarrack Area Network summary report"">PDF</a>  "
"North Inner City Area Network","CHN","<a href=""https://cdn.jsdelivr.net/gh/CSOIreland/edprofiles@resources/2022/health/pdf/chn/CHN92-north-inner-city-area-network-hse-dublin-and-north-east-WIP07-04-2025.pdf"" target=""_blank"" title=""North Inner City Area Network summary report"">PDF</a>  "
"Clontarf Area Network","CHN","<a href=""https://cdn.jsdelivr.net/gh/CSOIreland/edprofiles@resources/2022/health/pdf/chn/CHN93-clontarf-area-network-hse-dublin-and-north-east-WIP07-04-2025.pdf"" target=""_blank"" title=""Clontarf Area Network summary report"">PDF</a>  "
"Drimnagh, Crumlin, and Harold's Cross","CHN","<a href=""https://cdn.jsdelivr.net/gh/CSOIreland/edprofiles@resources/2022/health/pdf/chn/CHN94-drimnagh-crumlin-and-harold-s-cross-hse-dublin-and-midlands-WIP07-04-2025.pdf"" target=""_blank"" title=""Drimnagh, Crumlin, and Harold's Cross summary report"">PDF</a>  "
"South Dublin Inner City","CHN","<a href=""https://cdn.jsdelivr.net/gh/CSOIreland/edprofiles@resources/2022/health/pdf/chn/CHN95-south-dublin-inner-city-hse-dublin-and-midlands-WIP07-04-2025.pdf"" target=""_blank"" title=""South Dublin Inner City summary report"">PDF</a>  "
"Donnybrook, Ranelagh and Ringsend","CHN","<a href=""https://cdn.jsdelivr.net/gh/CSOIreland/edprofiles@resources/2022/health/pdf/chn/CHN96-donnybrook-ranelagh-and-ringsend-hse-dublin-and-south-east-WIP07-04-2025.pdf"" target=""_blank"" title=""Donnybrook, Ranelagh and Ringsend summary report"">PDF</a>  "
"State","CHN","<a href=""https://cdn.jsdelivr.net/gh/CSOIreland/edprofiles@resources/2022/health/pdf/chn/CHN97-state-state-WIP07-04-2025.pdf"" target=""_blank"" title=""State summary report"">PDF</a>  "
